Abberton,798
Abbotsley,385
Abridge,1664
Acle,2245
Acton,1680
Alburgh,430
Alconbury Airfield,428
Alconbury,2380
Alconbury Weston,778
Aldbury,616
Aldeburgh,2290
Aldeburgh Road, nr Leiston,265
Alderton (Suffolk Coastal),475
Aldreth,296
Alpington,687
Alresford,2361
Althorne,1177
Ampthill,22577
Ardleigh,1044
Arkesden,374
Arlesey,6157
Ashbocking,353
Ashdon,575
Ashill,1213
Ashley (East Cambridgeshire),723
Ashwell,1901
Ashwellthorpe,479
Assington,462
Attleborough,11761
Aveley,9612
Aylmerton,271
Aylsham,7512
Babraham,300
Bacton,1413
Badersfield,2014
Badingham,225
Badwell Ash,802
Bainton,311
Balsham,1559
Banham,1136
Bar Hill,4045
Bardwell,729
Barford (South Norfolk),532
Barking,570
Barkway,811
Barley,696
Barnack,872
Barnby,904
Barningham,956
Barnston (Uttlesford),921
Barrington (South Cambridgeshire),1081
Barrow (St. Edmundsbury),1869
Barroway Drove,395
Barton (South Cambridgeshire),850
Barton-le-Clay,4972
Basildon - BasildonSD,118145
Basildon - Crays HillSD,333
Basildon - DownhamSD,359
Basildon - North BenfleetSD,1838
Basildon - Ramsden HeathSD,1991
Basildon - WickfordSD,34843
Bassingbourn,2408
Bassingbourn Barracks,335
Battisford Tye,505
Bawdeswell,819
Bayford,529
Beachamwell,349
Beccles,14208
Bedfield Long Green,343
Bedford - BedfordSD,93767
Bedford - KempstonSD,21015
Beeston,573
Beetley,949
Belchamp St Paul,354
Belton (Great Yarmouth),4247
Benington,722
Bentley (Babergh),529
Benwick,1160
Berkhamsted - BerkhamstedSD,21717
Berkhamsted - Potten EndSD,1369
Beyton,707
Bicknacre - BicknacreSD,2246
Bicknacre - Woodham FerrersSD,627
Biggleswade,22148
Bildeston,1127
Billericay - BillericaySD,34856
Billericay - Havering's GroveSD,385
Billericay - Little BursteadSD,200
Billericay - StockSD,1591
Birch Green,882
Birchanger - BirchangerSD,630
Bishop's Stortford,41695
Black Notley,1942
Blackborough End,265
Blackmore,839
Blackmore End,806
Blakeney (North Norfolk),764
Blofield Heath,1488
Blundeston,985
Blunham,1210
Bluntisham,2757
Boreham,3330
Bottisham,2351
Boughton,215
Bourn,713
Bourne End,306
Bovingdon - BovingdonSD,5202
Boxford,1141
Boxted - BoxtedSD,350
Boxted - Boxted CrossSD,702
Bradenham,425
Bradfield Heath,817
Bradwell (Braintree),527
Braintree - BraintreeSD,43557
Braintree - Great NotleySD,7821
Braintree - High GarrettSD,801
Braintree - RayneSD,2196
Braintree - Tye Green (Braintree)SD,1175
Bramfield,463
Brampton (Huntingdonshire),6077
Brancaster,395
Brancaster Staithe,378
Brandeston,299
Brandon (Forest Heath),9059
Brantham,2327
Braughing,880
Breachwood Green,687
Brentwood,55502
Brightlingsea,8722
Brinkley,352
Briston - BristonSD,2018
Briston - Melton ConstableSD,1263
Brock Hill,399
Brogborough,364
Bromeswell,447
Bromham (Bedford),4582
Bromley Cross,474
Brooke,1220
Brookmans Park,3661
Brookville,320
Broom,625
Brundall - BlofieldSD,2419
Brundall - BrundallSD,4454
Buckden,2637
Bucklesham,554
Bulphan,1016
Bumble's Green,461
Bungay,5106
Buntingford,6844
Bunwell,606
Bures,1505
Burgh St Peter,284
Burnham Market,789
Burnham Overy Staithe,126
Burnham-on-Crouch - Burnham-on-CrouchSD,7368
Burnham-on-Crouch - StoneyhillsSD,701
Burstall,230
Burston,559
Burwell,6420
Bury St Edmunds - Bury St EdmundsSD,41310
Bury St Edmunds - Fornham All SaintsSD,1165
Bury St Edmunds - Fornham St MartinSD,969
Butt's Green,255
Buxton (Broadland),1303
Caddington,3196
Caister-on-Sea,8774
Caldecote - CaldecoteSD,1980
Cambourne,10544
Cambridge - CambridgeSD,149155
Cambridge - Fen DittonSD,750
Cambridge - GirtonSD,2264
Cambridge - HistonSD,8444
Cambridge - Little ShelfordSD,857
Cambridge - TevershamSD,942
Canewdon,1198
Cantley,543
Canvey Island,38874
Capel St Mary,2853
Carbrooke,532
Cardington,298
Carlton (Bedford),877
Castle Acre,897
Castle Camps,660
Castle Hedingham,1095
Castle Rising,205
Caston,474
Castor,1350
Catfield,745
Catworth,351
Cavendish,865
Cawston,1112
Caxton,551
Chalton,580
Champneys College,518
Chandler's Cross,352
Chappel,434
Charsfield,345
Chatteris,10926
Chedburgh,661
Chelmondiston,965
Chelmsford - ChelmsfordSD,119468
Chelmsford - Little WalthamSD,1030
Cheveley,936
Chevington,312
Chicksands,1568
Chippenham (East Cambridgeshire),530
Chipperfield (Dacorum),1347
Chipperfield (Three Rivers),305
Chipping Ongar,6420
Chrishall,340
Christchurch,835
Clacton-on-Sea,53661
Clapham (Bedford),4555
Clare,2166
Clavering,940
Claydon - ClaydonSD,3153
Claydon - Great BlakenhamSD,2255
Clenchwarton,1672
Cley next the Sea,354
Clint Green,393
Clophill,2406
Coalhill,260
Coates (Fenland),2265
Coddenham,675
Coggeshall,4837
Colchester - ColchesterSD,140027
Colchester - Marks TeySD,2502
Cold Norton,1152
Colkirk,602
Colne Engaine,1042
Coltishall,2280
Comberton,2256
Combs,514
Coney Weston,365
Coopersale,1052
Cople,751
Corpusty,544
Coton,919
Cottenham,5831
Cottered,430
Cotton End,2330
Coveney,448
Cranfield,7079
Cransford,156
Cromer - CromerSD,8021
Cromer - East RuntonSD,837
Crowfield,366
Croxton,298
Cuffley,4373
Culford,784
Danbury,6767
Dane End,582
Datchworth,1252
Debden,357
Debenham,2289
Dedham - DedhamSD,796
Dedham - Dedham HeathSD,314
Dennington,273
Dereham,21365
Dersingham,4550
Dickleburgh,1116
Diss - DissSD,11142
Diss - PalgraveSD,955
Ditchingham,2128
Docking,778
Doddinghurst,4420
Doddinghurst Common,160
Downham Market,11932
Drinkstone Green,600
Dry Drayton,644
Dullingham/Stetchworth - DullinghamSD,778
Dullingham/Stetchworth - StetchworthSD,666
Dunton,755
Duxford Airfield,709
Duxford,2215
Earith,1581
Earl Soham,445
Earls Colne,3841
Earsham,905
East Bergholt,2387
East Hanningfield,917
East Harling,2345
East Rudham,583
East Tilbury - East TilburySD,5550
East Tilbury - LinfordSD,851
East Winch,830
Easton (South Norfolk),1607
Easton (Suffolk Coastal),375
Eaton Bray,4152
Eccles on Sea,317
Elder Street,888
Ellingham,697
Ellington (Huntingdonshire),594
Elmdon,300
Elmsett,628
Elmstead Market,1713
Elmswell,4376
Elsenham - ElsenhamSD,3292
Elsworth,630
Eltisley,342
Elton,660
Ely,20333
Epping,11218
Erpingham,395
Essendon,565
Everton - EvertonSD,519
Eye (City of Peterborough) - Eye (City of Peterborough)SD,3911
Eye (City of Peterborough) - Eye GreenSD,656
Eye (Mid Suffolk) - Eye (Mid Suffolk)SD,2352
Eye (Mid Suffolk) - YaxleySD,613
Eyke,387
Fairfield Park,4140
Fakenham,8727
Felixstowe - FelixstoweSD,24441
Felixstowe - Trimley St MarySD,5966
Felmersham,354
Felsham,499
Felsted/Bannister Green - Bannister GreenSD,1144
Felsted/Bannister Green - Causeway EndSD,319
Felsted/Bannister Green - FelstedSD,1330
Felthorpe,628
Feltwell,2512
Fen Drayton,864
Fenstanton,2726
Filby,813
Fincham,490
Finchingfield,753
Finningham,515
Flamstead,1080
Fleggburgh (Burgh St Margaret),861
Folksworth,894
Ford End,734
Fordham (Colchester),825
Fordham (East Cambridgeshire),2779
Forncett End,1061
Foulden,432
Foulsham,994
Fowlmere,1308
Fox Street,725
Foxley,312
Foxton (South Cambridgeshire),1233
Framlingham,3817
Frating Green - Frating GreenSD,319
Freckenham,361
Freethorpe,1024
Fressingfield,870
Frettenham,658
Furneux Pelham,547
Fyfield,747
Gamble's Green,316
Gamlingay,3326
Garboldisham,527
Garvestone,352
Gayton (King's Lynn and West Norfolk),1451
Gazeley,626
Geldeston,419
Gislingham,654
Glatton,286
Glemsford,3672
Glinton,1557
Godmanchester,7295
Goldhanger,725
Gooderstone,394
Gorefield,987
Gosfield,1160
Grantchester,576
Graveley,261
Grays - Baker StreetSD,650
Grays - Chadwell St MarySD,10481
Grays - GraysSD,76563
Grays - TilburySD,14364
Great Abington/Little Abington - Great AbingtonSD,745
Great Abington/Little Abington - Little AbingtonSD,512
Great Amwell,1136
Great Bardfield,1368
Great Barford,2181
Great Barton (East),235
Great Barton,1584
Great Bentley,1597
Great Bircham,468
Great Chesterford,1748
Great Chishill - Great ChishillSD,627
Great Chishill - HeydonSD,213
Great Dunmow,9118
Great Easton (Uttlesford),463
Great Ellingham,847
Great Eversden,238
Great Finborough,857
Great Gidding,346
Great Gransden - Great GransdenSD,957
Great Gransden - Little GransdenSD,276
Great Green,314
Great Hockham,597
Great Horkesley - Great HorkesleySD,2240
Great Horkesley - Tye Green (Colchester)SD,476
Great Hormead,348
Great Leighs,2847
Great Livermere,209
Great Malgraves,267
Great Massingham,954
Great Moulton/Sneath Common - Great MoultonSD,381
Great Moulton/Sneath Common - Sneath CommonSD,392
Great Oakley,692
Great Offley,883
Great Paxton,970
Great Ryburgh,667
Great Sampford,571
Great Snoring,152
Great Staughton,846
Great Stukeley,821
Great Tey,582
Great Totham,764
Great Wakering,5686
Great Waldingfield,1323
Great Waltham,851
Great Wilbraham,645
Great Wratting,199
Great Yarmouth - Gorleston-on-SeaSD,24785
Great Yarmouth - Great YarmouthSD,41013
Great Yeldham,1868
Greater London - BedmondSD,964
Greater London - BorehamwoodSD,38353
Greater London - Broadley CommonSD,497
Greater London - BusheySD,27546
Greater London - CheshuntSD,47072
Greater London - ChigwellSD,11129
Greater London - ChorleywoodSD,13510
Greater London - ElstreeSD,1973
Greater London - HarlowSD,87420
Greater London - Hemel HempsteadSD,103458
Greater London - HoddesdonSD,44077
Greater London - How WoodSD,6963
Greater London - LoughtonSD,33213
Greater London - NorthwoodSD,5898
Greater London - Park StreetSD,2702
Greater London - RickmansworthSD,25413
Greater London - SawbridgeworthSD,10633
Greater London - SmallfordSD,360
Greater London - St AlbansSD,88448
Greater London - St MargaretsSD,3714
Greater London - Stapleford AbbottsSD,666
Greater London - Waltham AbbeySD,19388
Greater London - Waltham CrossSD,11143
Greater London - WatfordSD,142084
Greenfield,1903
Gressenhall,898
Grimston,2011
Griston,1643
Grundisburgh,1479
Guilden Morden,936
Guyhirn,369
Haddenham (East Cambridgeshire),2922
Haddiscoe,384
Hadham Cross,1271
Hadleigh,8857
Hadstock,342
Hail Weston,562
Hainford,414
Hales,782
Halesworth,5853
Halstead,12175
Halvergate,607
Happisburgh,358
Hardwick (South Cambridgeshire),2539
Hardwick (South Norfolk),271
Hare Green,660
Harleston,5175
Harling Road,365
Harlington,2262
Harlton,308
Harpenden,31854
Harrold,1599
Harston,1873
Hartest,509
Harwich - HarwichSD,21076
Harwich - ParkestonSD,954
Haslingfield,2302
Hatfield - Colney HeathSD,1402
Hatfield - HatfieldSD,46565
Hatfield - Welham GreenSD,2978
Hatfield Broad Oak,953
Hatfield Heath,1861
Hatfield Peverel - Hatfield PeverelSD,3226
Hatfield Peverel - NounsleySD,701
Haughley,1350
Hauxton,1119
Haverhill,27329
Haynes,915
Heath and Reach,1517
Heckfield Green,616
Hedenham,247
Helpston,1095
Hemingford Abbots,634
Hempnall,989
Hempnall Green,328
Hempstead,428
Hemsby,5731
Henham,1018
Henley,629
Hepworth,561
Hertford Heath,3019
Hertford/Ware - HertfordSD,29606
Hertford/Ware - WareSD,20218
Hessett,552
Hethersett,5994
Hevingham,1085
Hexton,132
Heybridge Basin,748
Hickling (North Norfolk),940
High Beach,272
High Cross,497
High Easter,726
High Kelling,500
High Park Corner,255
High Roding,583
Highpoint Prison,1520
Hilgay,860
Hilton (Huntingdonshire),1022
Hinderclay,305
Hindolveston,630
Hindringham,472
Hingham,2224
Hitcham,764
Hitchin - HitchinSD,36608
Hitchin - IcklefordSD,1901
Hockliffe,1078
Hockwold cum Wilton,1229
Hogpits Bottom,331
Holbrook,1106
Hollesley,665
Holme (Huntingdonshire),602
Holme Hale,549
Holme next the Sea,216
Holt (North Norfolk),4334
Holywell (Central Bedfordshire),624
Holywell (Huntingdonshire),284
Honingham,385
Honington Airfield,1196
Honington,332
Hopton,614
Hopton on Sea,2518
Horham,290
Horndon on the Hill,1484
Horning,1116
Horningsea,306
Horringer,782
Horsford,4811
Houghton (Huntingdonshire),1392
Houghton Conquest,1423
Hoveton,3684
Howe Green,673
Hundon,786
Hunsdon,998
Hunstanton - HunstantonSD,8504
Hunstanton - Old HunstantonSD,533
Huntingdon,26135
Ickleton,766
Icklingham,351
Ingatestone - FryerningSD,322
Ingatestone - IngatestoneSD,5578
Ingham (St. Edmundsbury),446
Ingrave,1740
Ipswich - BramfordSD,1873
Ipswich - IpswichSD,147851
Ipswich - KesgraveSD,19721
Ipswich - MartleshamSD,1571
Ipswich - Rushmere St AndrewSD,639
Ipswich - WoodbridgeSD,11696
Isleham,2292
Ixworth,2269
Jaywick,5139
Kedington,2011
Kelvedon - FeeringSD,609
Kelvedon - KelvedonSD,4749
Kelvedon Hatch,2464
Kenninghall,794
Kensworth,1515
Kessingland,4328
Keswick (North Norfolk),1525
Kimbolton,1128
Kimpton,1458
King's Lynn,48556
Kingston (South Cambridgeshire),248
Kirkby-le-Soken,1405
Kirton (Suffolk Coastal),1192
Knapton,374
Knebworth,4189
Lackford,262
Lakenheath Airfield,2974
Lakenheath,4560
Lamarsh,194
Langford (Central Bedfordshire),3593
Langham (Colchester),784
Langham (North Norfolk),396
Langley,373
Latchingdon,1130
Lavenham,1544
Lawshall,680
Laxfield,1014
Layer-de-la-Haye,1690
Lea Valley,635
Leaden Roding,705
Leavenheath,989
Leighton Buzzard,43203
Leiston - Coldfair GreenSD,793
Leiston - LeistonSD,6030
Lenwade,550
Letchworth Garden City - BaldockSD,10543
Letchworth Garden City - Letchworth Garden CitySD,34308
Letty Green,289
Lidgate,224
Lidlington,1304
Lingwood - LingwoodSD,2609
Lingwood - StrumpshawSD,247
Linton,4528
Litcham,441
Litlington,860
Little Bealings,459
Little Berkhamsted,488
Little Clacton - Little ClactonSD,2906
Little Clacton - WeeleySD,1281
Little Clacton - Weeley HeathSD,807
Little Downham,1489
Little Dunmow,2779
Little Eversden,553
Little Gaddesden,649
Little Hadham,420
Little Hallingbury,1401
Little Melton,926
Little Paxton,3866
Little Plumstead (South),1169
Little Plumstead,717
Little Staughton,441
Little Thetford,782
Little Totham,735
Little Waldingfield,394
Little Walsingham,614
Little Wymondley,1006
Littlebury,592
Littleport,9250
Loddon,3915
Lode,662
Long Marston (Dacorum),802
Long Melford,3063
Long Stratton,4427
Longstanton,3928
Lower Stondon,4528
Lowestoft,73976
Ludham,1000
Luton - DunstableSD,34770
Luton - Houghton RegisSD,18868
Luton - LutonSD,222043
Lyng,864
Maldon,22055
Manea,2436
Manningtree,6080
Manuden,711
Maple Cross,2529
March,21564
Margaretting,572
Marham Airfield,2169
Marham,776
Market Weston,229
Markyate,3190
Marsham,587
Marshland St James,872
Marston Moretaine,5256
Martham,3382
Matching Green,358
Mattishall,2446
Maulden,2542
Maxey,713
Mayland,4067
Melbourn,4862
Meldreth,1978
Mellis,547
Melton (Suffolk Coastal),764
Mendlesham,1012
Mepal,953
Meppershall,1847
Metfield,408
Methwold,924
Middleton (King's Lynn and West Norfolk),1142
Middleton (Suffolk Coastal),392
Mildenhall - Barton MillsSD,638
Mildenhall - Holywell RowSD,597
Mildenhall - MildenhallSD,15422
Mileham,647
Milton Ernest,722
Mistley,1695
Moggerhanger,651
Monks Eleigh,508
Morley St Botolph,240
Morton (Broadland),269
Moulton (Forest Heath),1260
Mulbarton,3778
Mundesley,2709
Mundford - IckburghSD,365
Mundford - MundfordSD,1673
Murrow,867
Nacton,429
Narborough,1290
Nayland,968
Necton,2000
Needham,318
Needham Market,4858
Needingworth,2106
Newborough (City of Peterborough),1257
Newbourne,319
Newgate Street,392
Newmarket,20221
Newport (Uttlesford),2802
Newton (Babergh),526
Newton (Fenland),365
Newton (South Cambridgeshire),382
Newton Flotman,1445
Newton St Faith,493
North Creake,359
North Elmham,1246
North Fambridge,862
North Lopham,687
North Mymms,331
North Pickenham,518
North Runcton,290
North Walsham,12736
North Weald Bassett,4510
Northaw,621
Northborough,1191
Northill/Ickwell - IckwellSD,292
Northill/Ickwell - NorthillSD,330
Northwold,690
Norton (Mid Suffolk),668
Norwich - ColneySD,198
Norwich - CostesseySD,2650
Norwich - CringlefordSD,4893
Norwich - Horsham St FaithSD,1084
Norwich - NorwichSD,199245
Norwich - Queen's HillsSD,6053
Norwich - TaverhamSD,15428
Norwich - Thorpe EndSD,1198
Norwich - Trowse NewtonSD,841
Oakington,1453
Oakley (Bedford),2423
Occold,527
Offord D'Arcy,1361
Old Buckenham,812
Old Newton,864
Oldhill Wood,120
Onehouse,874
Orford,571
Ormesby St Margaret,2660
Orsett,1186
Orwell,1071
Orwell Meadows Caravan Site,444
Otley,683
Over,2842
Overstrand,981
Pakenham,619
Panfield,859
Papworth Everard,3699
Parson Drove,737
Paslow Wood Common,319
Patmore Heath,316
Pavenham,520
Peasenhall,507
Peldon,550
Perry Green,479
Peterborough - FarcetSD,1617
Peterborough - PeterboroughSD,179349
Pirton,1339
Podington,374
Point Clear,1648
Poringland,7023
Postwick,380
Potter Heigham,842
Potters Bar,23325
Potton,5472
Preston (North Hertfordshire),449
Prickwillow,388
Puckeridge,3738
Pudsey Hall Lane, nr Rochford,513
Pulham Market,810
Pulham St Mary,800
Pulloxhill,628
Purleigh,581
RAF Wyton,1529
Rackheath,1695
Rackheath Industrial Estate,413
Rackheath/Salhouse,386
Radlett,8041
Rampton (South Cambridgeshire),395
Ramsey (Huntingdonshire),7815
Ramsey Forty Foot,548
Ramsey Island,1570
Ramsey Mereside,674
Ramsey St Mary's,891
Rattlesden,315
Rawreth,362
Raydon,246
Reach,340
Red Lodge,5952
Redbourn,5112
Redgrave,387
Reed,325
Reedham,1192
Reepham,2337
Rendlesham,3262
Rettendon,734
Rickinghall,2264
Rickling Green,674
Ridgewell,566
Ridgmont,435
Risby,864
Riseley,1293
Robertson Barracks,405
Rockland All Saints,353
Rockland St Mary,834
Rollesby,640
Roughton,618
Roxton,356
Roxwell,412
Royal Hospital School,583
Roydon,1556
Royston,17113
Runcton Holme,627
Saffron Walden,17316
Salhouse,993
Salthouse,155
Sandy - Beeston (Central Bedfordshire)SD,786
Sandy - SandySD,11818
Sarratt,900
Sawston,7407
Sawtry,5746
Saxlingham Nethergate,732
Saxmundham - Carlton (Suffolk Coastal)SD,593
Saxmundham - SaxmundhamSD,4723
Saxtead Green,363
Scole,1059
Sculthorpe,275
Sea Palling,422
Sedgeford,590
Seething,387
Sewards End,549
Sewardstone,1113
Sharnbrook,1665
Sharpstone Street,575
Sheering,873
Shefford - CamptonSD,302
Shefford - Clifton (Central Bedfordshire)SD,2689
Shefford - HenlowSD,2528
Shefford - SheffordSD,7243
Shelfanger,393
Shenley,4250
Shepreth,614
Sheringham - Beeston RegisSD,790
Sheringham - SheringhamSD,7379
Shillington,1710
Shimpling Street,435
Shipdham,2004
Shortstown,2333
Shotley,881
Shotley Gate,1461
Shouldham,599
Shropham,458
Shudy Camps,331
Sible Hedingham,4407
Sicklesmere,888
Silsoe,3176
Silver End,3921
Slip End,1425
Snape (Suffolk Coastal),305
Snettisham,2608
Soham - Down FieldSD,647
Soham - SohamSD,10459
Somersham (Huntingdonshire),3401
Somersham (Mid Suffolk),672
South Creake,549
South Grove,251
South Mimms,912
South Ockendon,22469
South Walsham,409
South Woodham Ferrers,15840
Southend-on-Sea - AshingdonSD,371
Southend-on-Sea - HullbridgeSD,6114
Southend-on-Sea - RayleighSD,99475
Southend-on-Sea - RochfordSD,18834
Southend-on-Sea - Southend-on-SeaSD,184708
Southery,1190
Southfields,1050
Southminster,4419
Southrepps,609
Southwold - ReydonSD,2748
Southwold - SouthwoldSD,975
Spaldwick,647
Spellbrook,347
Spixworth,3512
Sporle,836
Sproughton,797
St Ives (Huntingdonshire) - Hemingford GreySD,3654
St Ives (Huntingdonshire) - St IvesSD,17022
St James South Elmham,231
St Neots - St NeotsSD,32489
St Neots - WybostonSD,592
St Olaves,249
St Osyth,2166
Stagsden,328
Stalham,4483
Stamford - WothorpeSD,321
Stanbridge - StanbridgeSD,637
Stanbridge - TilsworthSD,382
Stanford-le-Hope,28849
Stanhoe,246
Stansted Mountfitchet,8873
Stanton (St. Edmundsbury),2194
Stebbing,1015
Steeple,543
Steeple Bumpstead,1346
Steeple Morden,902
Stevenage - AstonSD,550
Stevenage - StevenageSD,94371
Stevington,555
Stewartby,1954
Stilton,2359
Stoke Ferry - Stoke FerrySD,1147
Stoke Ferry - WrettonSD,348
Stoke Holy Cross,1229
Stoke-by-Clare,496
Stoke-by-Nayland,384
Stonebridge,238
Stonely,341
Stonham Aspal,311
Stotfold,8572
Stow cum Quy,510
Stowbridge,383
Stowmarket - StowmarketSD,22114
Stowmarket - StowuplandSD,1989
Stradbroke,1223
Stratford St Mary,808
Streatley,614
Stretham,2037
Studham,558
Stuston,209
Stutton,604
Sudbury,23835
Surlingham,578
Sutton (East Cambridgeshire),3837
Sutton Common,1405
Swaffham,8333
Swaffham Bulbeck - Commercial EndSD,487
Swaffham Bulbeck - Swaffham BulbeckSD,280
Swaffham Prior,981
Swanton Abbott,533
Swanton Morley,893
Swardeston,705
Swavesey,2615
Takeley,5256
Takeley Street,560
Tasburgh,871
Tebworth,452
Tempsford,579
Terrington St Clement,3467
Tewin,984
Thaxted,3239
Therfield,304
Thetford,27489
Theydon Bois,3847
Thompson,326
Thorndon,717
Thorney,1913
Thornham,432
Thornwood Common,1072
Thorpe-le-Soken,1470
Thorpeness,186
Thorrington (East),876
Thorrington (West),445
Threehammer Common,561
Thriplow,441
Thundridge,731
Thurleigh,705
Thurlton,1126
Thurston,3097
Thurton,889
Tilbrook,356
Tillingham,987
Tilney St Lawrence,1358
Tiptree,9308
Tivetshall St Margaret,316
Toddington,4647
Toft,514
Tollesbury,2855
Tolleshunt D'Arcy,886
Tolleshunt Knights,1087
Tolleshunt Major,435
Totternhoe,1008
Trimingham,454
Tring,12323
Troston,397
Trunch,924
Tuddenham,393
Tuddenham St Martin,354
Tunstall,279
Turvey,904
Tydd St Giles,729
Ufford (City of Peterborough),268
Ufford (Suffolk Coastal),607
University of Essex,4600
Upper Caldecote,1252
Upper Dean,427
Upper Gravenhurst,579
Upton (Broadland),716
Upwell,4527
Upwood,405
Wacton,388
Walberswick,352
Waldringfield,462
Walkern,1559
Walpole Cross Keys,550
Walpole Highway,719
Walpole St Peter,1506
Walsham Le Willows,1295
Walton-on-the-Naze - Frinton-on-SeaSD,4754
Walton-on-the-Naze - Great HollandSD,797
Walton-on-the-Naze - Walton-on-the-NazeSD,12575
Wangford,462
Wansford,554
Warboys,3858
Waresley,272
Washbrook,537
Waterbeach - LandbeachSD,586
Waterbeach - WaterbeachSD,5588
Waterford,279
Watlington (King's Lynn and West Norfolk),2514
Wattisfield,509
Wattisham Airfield,2049
Watton - Saham ToneySD,1588
Watton - WattonSD,10180
Watton at Stone,2732
Weeting,1955
Wells-next-the-Sea,2245
Welney,544
Welwyn Garden City - OaklandsSD,8077
Welwyn Garden City - StanboroughSD,320
Welwyn Garden City - WelwynSD,4109
Welwyn Garden City - Welwyn Garden CitySD,51248
Wendens Ambo,461
Wenhaston,568
Wereham,713
West Bergholt,3206
West Hanningfield,415
West Horndon,1661
West Mersea,7069
West Perry,625
West Runton,791
West Walton - Walton HighwaySD,1046
West Walton - West WaltonSD,664
West Winch,2696
West Wratting,476
Westerfield,497
Westleton,338
Weston (North Hertfordshire),897
Westoning,2093
Wetherden,603
Wetheringsett,370
Wethersfield Airfield,456
Wethersfield,737
Weybourne,524
Wheathampstead,4367
Whipsnade,276
Whissonsett,478
Whittlesey,13490
Whittlesford,1544
Whitwell (North Hertfordshire),992
Wicken (East Cambridgeshire),768
Wicken Bonhunt,268
Wicken Green Village,809
Wickham Bishops,3893
Wickham Market,2314
Wickham Skeith,325
Wickham St Paul,287
Wickhambrook,594
Wicklewood,755
Widdington,454
Widford,633
Wiggenhall St Germans,775
Wiggenhall St Mary Magdalen,703
Wigginton,816
Wighton,204
Wilburton,1070
Willingham,4116
Willington (Bedford),796
Wilstead,2258
Wimblington,4522
Wimbotsham,713
Winfarthing,493
Wisbech - LeveringtonSD,1022
Wisbech - WisbechSD,34837
Wisbech St Mary,954
Wistow (Huntingdonshire),530
Witcham,418
Witchford,2229
Witham,27013
Witnesham,351
Wittering Airfield,2793
Wivenhoe - RowhedgeSD,2309
Wivenhoe - WivenhoeSD,7916
Wix,544
Wixams,2341
Woburn,1007
Woodham Mortimer,617
Woodhurst,377
Woodton,730
Woolpit,1867
Wootton (Bedford) - GibraltarSD,539
Wootton (Bedford) - Wootton (Bedford)SD,5855
Workhouse End,354
Worlington,552
Worlingworth,883
Wortham,461
Wortwell,558
Wreningham,328
Wrentham,789
Wrestlingworth,605
Writtle,4949
Wymondham (South Norfolk),16869
Yaxham,424
Yaxley,9494
Yelling,400
Yoxford,786
Aldwincle,328
Alford,3900
Alfreton/South Normanton - AlfretonSD,24333
Alfreton/South Normanton - Pye BridgeSD,286
Alfreton/South Normanton - South NormantonSD,15991
Allington,613
Alvingham,284
Ancaster,1308
Anstey,7578
Anwick,374
Apperknowle,269
Appleby Magna,1172
Arnesby,335
Asfordby,2625
Ashbourne,9125
Ashby-de-la-Zouch,14673
Ashley (Kettering),236
Ashover,589
Ashton (South Northamptonshire),436
Aslackby,257
Aslockton - AslocktonSD,1217
Aslockton - Whatton-in-the-ValeSD,646
Aston-on-Trent,2487
Atherstone - WitherleySD,600
Aynho,659
Badby,697
Bagworth,1757
Bakewell,3657
Bamford,772
Barby,929
Bardney,2096
Barkston,533
Barlborough,2970
Barlestone,2624
Barnwell,399
Barrow upon Trent,593
Barrowby,1967
Barrowden,500
Baslow,1219
Bassingham,1526
Baston,1608
Beckingham,1203
Belchford,252
Belper,23936
Belton (North West Leicestershire),755
Belton-in-Rutland,415
Bicker,692
Billesdon,914
Billingborough - BillingboroughSD,1420
Billingborough - HorblingSD,486
Billinghay,2194
Bilsby,248
Bilsthorpe,3496
Binbrook,923
Bingham,10349
Bircotes,8683
Blackfordby,939
Blakesley,533
Bleasby,868
Blidworth,4400
Blisworth,1607
Blyth (Bassetlaw),989
Blyton,1194
Bolsover,12198
Bonsall,827
Boston,46506
Bottesford,3296
Bourne,17040
Bozeat,2160
Bracebridge Heath,6081
Brackley,15775
Bradwell (Derbyshire Dales),1357
Brafield-on-the-Green,652
Brailsford,805
Branston,4079
Brant Broughton,791
Brassington,572
Braunston,1441
Braunston-in-Rutland,505
Braybrooke,477
Breedon on the Hill,718
Brigstock,1396
Brixworth,5938
Brookenby,676
Broughton (Kettering),2289
Broughton Astley,9437
Bugbrooke,2944
Burgh le Marsh,2138
Burton Joyce,3892
Burton Lazars,417
Burton Overy,397
Burton on the Wolds,1204
Burton upon Trent - LintonSD,2009
Burton upon Trent - SwadlincoteSD,50412
Burton-by-Lincoln,343
Butterwick,1366
Buxton (High Peak),22399
Byfield,1310
Caistor,2812
Calver,1026
Calverton,7173
Canwick,341
Carlby,572
Carlton (Hinckley and Bosworth),378
Carlton in Lindrick,5439
Carlton-le-Moorland,556
Carlton-on-Trent,223
Castle Bytham,497
Castle Donington,7331
Castleton (High Peak),594
Caunton,523
Caythorpe,1350
Chacombe,677
Chapel-en-le-Frith,7616
Charlesworth,886
Charlton (South Northamptonshire),525
Cherry Willingham - Cherry WillinghamSD,3350
Cherry Willingham - ReephamSD,941
Chesterfield - Barrow HillSD,1044
Chesterfield - ChesterfieldSD,89466
Chesterfield - CutthorpeSD,538
Chesterfield - Hardwick WoodSD,249
Chesterfield - HolymoorsideSD,1419
Chesterfield - StaveleySD,15408
Chesterfield - WingerworthSD,6573
Chinley,1753
Chipping Warden,569
Church Brampton,264
Clarborough,1281
Clay Cross/North Wingfield - Clay CrossSD,13596
Clay Cross/North Wingfield - GrassmoorSD,3491
Clay Cross/North Wingfield - Lower PilsleySD,1360
Clay Cross/North Wingfield - North WingfieldSD,9625
Clay Cross/North Wingfield - PilsleySD,2358
Claybrooke Magna,599
Claypole,1354
Clayworth,420
Clifton (Derbyshire Dales),292
Clipston,653
Clowne,8480
Coalville - CoalvilleSD,37661
Coalville - EllistownSD,2825
Coalville - SwanningtonSD,1103
Cogenhoe,1391
Coleorton/Griffydam - ColeortonSD,337
Coleorton/Griffydam - GriffydamSD,327
Collingham,2812
Collyweston,558
Colsterworth,1280
Coningsby Airfield,5889
Corby - CorbySD,62042
Corby - WeldonSD,4720
Corby Glen,1060
Corringham (West Lindsey),469
Cosgrove,635
Costock,389
Cotgrave,8299
Coton in the Elms,894
Cottesmore Airfield,701
Cottesmore,1175
Cottingham,1310
Countesthorpe,7488
Covenham St Mary,342
Cowbit,1308
Cranwell (North West),214
Cranwell,1446
Cranwell RAF College and Airfield,1457
Creaton,514
Creswell,5938
Crick,2445
Croft (Blaby),1679
Cromford - CromfordSD,1409
Cromford - Matlock BathSD,662
Cromwell,261
Cropston,1166
Cropwell Bishop,1931
Cropwell Butler,346
Croughton,1019
Crow Hill Housing Estate,1181
Crowland,4786
Croxton Kerrial,520
Culworth,427
Darley Dale,621
Daventry,26090
Deanshanger,4105
Deeping St Nicholas,1408
Denton (South Kesteven),263
Denton (South Northamptonshire),699
Derby - BorrowashSD,7320
Derby - BreadsallSD,742
Derby - DerbySD,264430
Derby - DuffieldSD,5196
Derby - Little EatonSD,2031
Desborough,11548
Desford - DesfordSD,3705
Digby,591
Diseworth,643
Donington,3089
Donisthorpe,1979
Dorrington (North Kesteven),331
Dove Holes,1096
Doveridge,1859
Dronfield,20924
Duckmanton - DuckmantonSD,1149
Duckmanton - Long DuckmantonSD,615
Dunston,861
Dunton Bassett,792
Eagle,790
Eakring,457
Earl Shilton - Earl ShiltonSD,20185
Earl Shilton - ElmesthorpeSD,727
Earls Barton,5789
East Barkwith,368
East Bridgford,1912
East Drayton,242
East Farndon,316
East Goscote - East GoscoteSD,2843
East Goscote - RearsbySD,1228
East Haddon,602
East Keal,370
East Kirkby,297
East Leake,8290
East Markham,1075
Easton on the Hill,1142
Ecton,430
Edingley,475
Edith Weston - Edith WestonSD,846
Edwinstowe,5305
Egginton,556
Egmanton,284
Elkesley,797
Elston,650
Empingham,995
Epperstone,607
Essendine,442
Etwall,2929
Evenley,582
Everdon,355
Everton (Bassetlaw),652
Ewerby,547
Exton (Rutland),605
Eyam,981
Eydon,418
Faldingworth,489
Farnsfield,2915
Fenny Drayton,543
Findern,3386
Finedon,4360
Fishtoft,1038
Fiskerton (Newark and Sherwood) - FiskertonSD,770
Fiskerton (West Lindsey),1189
Fleckney,4937
Fleet Hargate,1232
Flintham,286
Flore,1393
Folkingham,780
Fosdyke,484
Foston (South Kesteven),565
Fotherby,516
Foxton (Harborough),459
Freiston,330
Frisby on the Wreake,666
Friskney Eaudyke,640
Friskney/Fold Hill - Fold HillSD,253
Friskney/Fold Hill - FriskneySD,326
Frithville,327
Froggatt,185
Fulbeck,353
Fulstow,557
Gaddesby,377
Gainsborough,23339
Gamston,319
Gayton (South Northamptonshire),538
Geddington,1451
Gedney,322
Gedney Drove End,700
Gedney Dyke,382
Gedney Hill - Gedney HillSD,747
Gedney Hill - Holbeach DroveSD,365
Gilmorton,1047
Glapthorn,288
Glapwell - Doe LeaSD,1002
Glapwell - GlapwellSD,1615
Glentham,514
Gosberton,1706
Gotham,1573
Goulceby,319
Grainthorpe,575
Grantham - GranthamSD,45085
Grantham - Great GonerbySD,1919
Grasby,460
Great Addington,311
Great Dalby,546
Great Easton (Harborough),752
Great Glen,3903
Great Houghton (Northampton),610
Great Limber,257
Great Longstone,719
Great Ponton,383
Greater Manchester - GamesleySD,3221
Greater Manchester - GlossopSD,33521
Greater Manchester - TintwistleSD,1362
Greatford,284
Greatworth,707
Greens Norton,1525
Greetham,874
Grendon,543
Gretton (Corby),1460
Greylees,1878
Gringley on the Hill,924
Guilsborough,759
Gunthorpe,557
Hackleton - HackletonSD,1100
Hackleton - PiddingtonSD,383
Hagworthingham,340
Halam,427
Hallaton,630
Halton Holegate,522
Harby,945
Hargrave,224
Harlaxton,821
Harmston,682
Harpole,1331
Hartwell,2047
Hathern,2282
Hathersage,1945
Hayfield,1868
Heage/Crich - AmbergateSD,1650
Heage/Crich - CrichSD,1823
Heage/Crich - FritchleySD,552
Heage/Crich - HeageSD,2743
Heapham,108
Heather,1123
Heckington,4044
Helmdon,790
Helpringham,877
Hemswell,397
Hemswell Cliff,632
Hickling (Rushcliffe),346
Higham Park,672
Higham on the Hill - Higham on the HillSD,978
Hilton (South Derbyshire),8661
Hinckley,49853
Hinton,3901
Hoby,300
Hogsthorpe,982
Holbeach,8395
Holbeach Clough,947
Holloway,532
Holmesfield,822
Holton le Clay,3756
Hope (High Peak),884
Horncastle,7219
Horsley,455
Horton (South Northamptonshire),399
Hose,577
Houghton on the Hill,1504
Hoveringham,295
Hulland Ward,702
Huncote,2125
Husbands Bosworth,1173
Huttoft,589
Ibstock,6875
Ingham (West Lindsey),935
Ingoldsby,311
Irchester,4416
Irthlingborough,8168
Isham,768
Keelby,2092
Kegworth,4093
Kettering - Burton LatimerSD,9997
Kettering - KetteringSD,60987
Ketton,1997
Kexby,356
Keyworth,6687
Kibworth Harcourt - Kibworth HarcourtSD,7114
Kibworth Harcourt - Smeeton WesterbySD,334
Kilburn - Denby BottlesSD,1254
Kilburn - KilburnSD,4459
Kilsby,1268
King's Cliffe,1594
Kingfisher Court,605
Kings Sutton,2461
Kinoulton,833
Kirk Ireton,518
Kirkby Mallory,428
Kirklington,424
Kirton (Boston),5492
Kirton (Newark and Sherwood),252
Kirton End,376
Kirton Holme,312
Kislingbury,1285
Knaith Park,317
Kniveton,387
Lambley,909
Langham (Rutland),1447
Langold,2617
Langtoft (South Kesteven),1978
Langwith,3111
Langworth,471
Laughterton,438
Laughton,419
Laxton,425
Leadenham,404
Leake Commonside,444
Leasingham,1541
Legbourne,696
Leicester - BirstallSD,14015
Leicester - CosbySD,3552
Leicester - GrobySD,6869
Leicester - LeicesterSD,472897
Leicester - LittlethorpeSD,1784
Leicester - Narborough/EnderbySD,14247
Leicester - QueniboroughSD,2959
Leicester - SystonSD,14310
Leicester - WhetstoneSD,14168
Leire,595
Leverton,334
Lincoln - LincolnSD,107434
Lincoln - North HykehamSD,17610
Litchborough,347
Little Addington,336
Little Harrowden,852
Little Houghton,417
Loddington,477
Long Bennington,2079
Long Buckby,4136
Long Clawson,1167
Long Sutton (South Holland),5343
Long Whatton,1142
Loughborough,68653
Lound,450
Louth,17637
Low Fulney,585
Lowdham,2111
Lubenham,754
Ludford,421
Lutterworth,11071
Lutton,742
Lyddington,414
Mablethorpe,12551
Maidwell,478
Maltby le Marsh,322
Manby,1606
Mansfield - Kirkby-in-AshfieldSD,28926
Mansfield - MansfieldSD,83043
Mansfield - Mansfield WoodhouseSD,18787
Mansfield - New HoughtonSD,1453
Mansfield - NewsteadSD,2492
Mansfield - Sutton in AshfieldSD,48711
Manton,352
Mareham le Fen,1005
Market Bosworth,2241
Market Deeping,14339
Market Harborough,26514
Market Overton,616
Market Rasen,5277
Market Warsop,9373
Markfield,5094
Marshchapel,707
Marston,394
Martin (North Kesteven),728
Marton (West Lindsey),773
Matlock,15963
Mattersey,419
Mawsley Village,2483
Mears Ashby,397
Measham,5576
Medbourne,493
Meden Vale,2050
Melbourne (South Derbyshire),5314
Melton Mowbray,27682
Merry Lees,215
Metheringham,3427
Middle Rasen,1267
Middleton (Derbyshire Dales),944
Middleton Cheney,4076
Milton,282
Milton Malsor,767
Misson,804
Misterton,1866
Moira,2774
Morcott,332
Moreton Pinkney,385
Morley,222
Morton (South Kesteven),2557
Moulton (South Holland),1627
Moulton Chapel,1086
Moulton Seas End,628
Mountsorrel - MountsorrelSD,14213
Mountsorrel - Quorn (Quorndon)SD,6022
Mumby,454
Nailstone,577
Naseby,742
Nassington,863
Navenby,3097
Nether Broughton,481
Nether Heyford,1728
Nether Padley - GrindlefordSD,595
Nether Padley - Nether PadleySD,286
Netherseal,707
Nettleham,3972
Nettleton,671
New Bolingbroke,310
New Mills - Furness ValeSD,1074
New Mills - New MillsSD,12674
New Ollerton,11093
Newark-on-Trent - BaldertonSD,3293
Newark-on-Trent - CoddingtonSD,1721
Newark-on-Trent - Farndon (Newark and Sherwood)SD,2404
Newark-on-Trent - Newark-on-TrentSD,40118
Newbold,908
Newbold Verdon,3152
Newnham (Daventry),568
Newton (Bolsover),3129
Newton (Rushcliffe),886
Newton Solney,934
Newton on Trent,349
Newtown Linford,545
Nocton,956
Normanby-by-Spital,802
Normanton on Soar,434
Normanton on Trent,373
Normanton-on-the-Wolds,251
North Coates Airfield,492
North Greetwell,531
North Kelsey,782
North Kilworth,744
North Kyme,452
North Leverton with Habblesthorpe,1059
North Luffenham,769
North Muskham,946
North Scarle,668
North Somercotes,1680
North Thoresby,1091
North Wheatley,537
Northampton (South Northamptonshire),5020
Northampton - CollingtreeSD,655
Northampton - NorthamptonSD,230070
Northgate,706
Norwell,463
Nottingham - ArnoldSD,39394
Nottingham - AwsworthSD,2481
Nottingham - Beeston (Broxtowe)SD,54543
Nottingham - BreastonSD,7660
Nottingham - Carlton (Gedling)SD,50957
Nottingham - Clifton (City of Nottingham)SD,22749
Nottingham - Denby CommonSD,472
Nottingham - EastwoodSD,19261
Nottingham - HeanorSD,27215
Nottingham - HucknallSD,36104
Nottingham - IlkestonSD,39824
Nottingham - KimberleySD,11678
Nottingham - Long EatonSD,39302
Nottingham - NottinghamSD,320536
Nottingham - RipleySD,19950
Nottingham - RuddingtonSD,7722
Nottingham - Ruddington GrangeSD,191
Nottingham - SandiacreSD,9970
Nottingham - Stanton-by-DaleSD,468
Nottingham - StaplefordSD,16732
Nottingham - TrowellSD,935
Nottingham - West BridgfordSD,50207
Nottingham - West HallamSD,6013
Oakham,11227
Oakthorpe,740
Old Bolingbroke,345
Old Dalby,364
Old Dalby Trading Estate,-
Old Leake,1418
Old Stratford,2346
Oldcotes,321
Onley,1582
Orlingbury,439
Orston,513
Osbournby,421
Oundle,6342
Oxton,567
Packington,823
Papplewick,353
Parwich,436
Pattishall,671
Paulerspury,712
Pitsford,696
Pointon,508
Polebrook,453
Potterhanworth,883
Potterspury,1618
Pytchley,489
Quadring,963
Quarndon,981
Quinton,208
Radcliffe on Trent,7598
Rainworth,8278
Rampton (Bassetlaw),646
Ranskill,1351
Ratby,4811
Raunds,9379
Ravenshead,5854
Ravensthorpe,678
Ravenstone,2151
Rempstone,386
Renishaw,2459
Repton,2859
Retford,23559
Ringstead,2052
Rippingale,909
Risegate,688
Roade,3251
Rolleston,332
Ropsley,618
Rothersthorpe,465
Rothwell,8229
Rufford Country Park,274
Rushden - Higham FerrersSD,9095
Rushden - RushdenSD,32460
Rushton,434
Ruskington,5606
Ryhall,1485
Saltfleet,516
Saltfleetby St Peter,260
Sapcote,3113
Saxilby,4319
Scamblesby,270
Scampton Airfield,1133
Scarcliffe,479
Scopwick,898
Scothern,934
Scotter,3069
Scotton (West Lindsey),600
Scropton,292
Seagrave,549
Seaton (Rutland),269
Sedgebrook,343
Selston/Brinsley - BrinsleySD,5091
Selston/Brinsley - IronvilleSD,1938
Selston/Brinsley - JacksdaleSD,3074
Selston/Brinsley - SelstonSD,6830
Shardlow,654
Sharnford,1104
Sheepy Magna,951
Sheffield - EckingtonSD,7439
Sheffield - KillamarshSD,9368
Sheffield - Marsh LaneSD,803
Shepshed,14304
Shirebrook,12445
Shutlanger,317
Sibsey,1537
Sileby/Barrow upon Soar - Barrow upon SoarSD,6948
Sileby/Barrow upon Soar - SilebySD,9769
Silk Willoughby,306
Silverstone,2399
Skegness,25612
Skellingthorpe,3372
Skellingthorpe Big Wood,108
Sleaford,18741
Somerby,649
South Cockerington,202
South Croxton,279
South Kelsey,613
South Kilworth,533
South Kyme,419
South Leverton,523
South Luffenham,490
South Wingfield,1059
South Witham,1677
Southrey,211
Southwell,6853
Spalding,36737
Spilsby,3746
Spittlegate,289
Spratton,1321
Spridlington,213
Stamford - Great CastertonSD,597
Stamford - StamfordSD,20816
Stanion,828
Stanley (Erewash),757
Stanwick,2006
Stathern,719
Staverton,453
Stickford,492
Stickney,1089
Stoke Golding,1955
Stonebroom - Morton (North East Derbyshire)SD,1273
Stonebroom - StonebroomSD,3644
Stonebroom - StrettonSD,967
Stoney Stanton,4362
Stow,331
Sturton by Stow,946
Sturton le Steeple,542
Sudbrooke,1820
Sulgrave,451
Surfleet Seas End,1050
Sutterton,1507
Sutton Bonington,1169
Sutton Bridge,3992
Sutton St James,1005
Sutton cum Lound,771
Sutton on Trent,1193
Swaton,242
Swayfield,311
Swinderby,542
Swineshead,2405
Swinford,643
Swithland,267
Syresham,764
Sywell,1097
Taddington,473
Tallington,416
Tansley,1132
Tealby,555
Tetford,474
Tetney,1603
Thornton,1018
Thorpe on the Hill,444
Thrapston - IslipSD,822
Thrapston - ThrapstonSD,6900
Thrussington,599
Thurcaston,826
Thurgarton,441
Thurlaston,837
Thurlby,2180
Tibshelf,4243
Ticknall,611
Tideswell,1525
Tiffield,331
Tilton on the Hill,347
Timberland,566
Titchmarsh,593
Tollerton (Rushcliffe) - TollertonSD,1650
Torksey Lock,550
Towcester,10738
Toynton All Saints,419
Treswell,297
Tugby,356
Tur Langton,291
Turnditch,343
Tutbury/Hatton - HattonSD,2730
Tuxford,2691
Twyford (Melton),297
Tydd St Mary,715
Uffington (South Kesteven),476
Ullesthorpe,1136
University of Nottingham School of Agriculture,573
Unstone Green,944
Upper Boddington,407
Upper Broughton,402
Upper End,704
Upper Saxondale,878
Uppingham,5001
Upton (Newark and Sherwood),422
Upton (West Lindsey),453
Utterby,292
Waddingham,629
Wainfleet All Saints,1742
Walcott,559
Walesby (Newark and Sherwood),1182
Walesby (West Lindsey),227
Walgrave,897
Walkeringham,669
Waltham on the Wolds,911
Walton,628
Walton-on-Trent,894
Wappenham,319
Warmington (East Northamptonshire),947
Washingborough,6869
Weedon Bec,2904
Weedon Lois,380
Welbourn,690
Welford,1214
Wellingborough - Great DoddingtonSD,1148
Wellingborough - Little IrchesterSD,335
Wellingborough - WellingboroughSD,53502
Wellow (Newark and Sherwood),449
Welton (Daventry),622
Welton (West Lindsey) - DunholmeSD,2111
Welton (West Lindsey) - WeltonSD,4578
West Deeping,282
West Haddon,1924
West Keal,357
West Stockwith,609
Weston (Newark and Sherwood),376
Weston (South Holland),971
Weston Hills,739
Weston-on-Trent,810
Whaley Bridge,5266
Whaplode,1705
Whaplode Drove,579
Whatstandwell,302
Whissendine,1233
Whittlebury,618
Whitwell (Bolsover),3729
Wicken (South Northamptonshire),325
Widmerpool,318
Wilbarston,732
Willingham by Stow,574
Willington (South Derbyshire),3388
Willoughby (East Lindsey),375
Willoughby-on-the-Wolds,577
Willoughton,341
Wilsford,443
Winster,608
Winthorpe,637
Wirksworth,5194
Witham St Hughs,3191
Witham on the Hill,219
Withern,361
Wollaston,3505
Woodbeck,287
Woodborough (Gedling),1655
Woodford,1503
Woodhall Spa,4382
Woodhouse,261
Woodhouse Eaves,1768
Woodnewton,462
Worksop - ShireoaksSD,1537
Worksop - WorksopSD,43881
Wragby,1890
Wrangle,821
Wymeswold,1379
Wymondham (Melton),652
Wysall,425
Yardley Gobion,1300
Yardley Hastings,721
Yarwell,468
Yelvertoft,793
Youlgreave,997